{
    "loss": 19.7401180267334,
    "accuracy": 0.31364181637763977
}